<metadata xml:lang="en"><Esri><CreaDate>20190131</CreaDate><CreaTime>15231000</CreaTime><ArcGISFormat>1.0</ArcGISFormat><SyncOnce>FALSE</SyncOnce><DataProperties><lineage><Process ToolSource="c:\esri\arcgis\desktop10.2\ArcToolbox\Toolboxes\Data Management Tools.tbx\CalculateField" Date="20161220" Time="160958">CalculateField ADMIN.NrmRegions2 OFFICE_ID 64 VB #</Process><Process ToolSource="c:\esri\arcgis\desktop10.2\ArcToolbox\Toolboxes\Data Management Tools.tbx\CalculateField" Date="20161220" Time="161031">CalculateField ADMIN.NrmRegions2 OFFICE_ID 24 VB #</Process><Process ToolSource="c:\esri\arcgis\desktop10.2\ArcToolbox\Toolboxes\Data Management Tools.tbx\CalculateField" Date="20161220" Time="161140">CalculateField ADMIN.NrmRegions2 OFFICE_ID 27 VB #</Process><Process ToolSource="c:\esri\arcgis\desktop10.2\ArcToolbox\Toolboxes\Data Management Tools.tbx\CalculateField" Date="20161220" Time="161355">CalculateField ADMIN.NrmRegions2 OFFICE_ID 87 VB #</Process><Process ToolSource="c:\esri\arcgis\desktop10.2\ArcToolbox\Toolboxes\Data Management Tools.tbx\CalculateField" Date="20161220" Time="161508">CalculateField ADMIN.NrmRegions2 OFFICE_ID 14 VB #</Process><Process ToolSource="c:\esri\arcgis\desktop10.2\ArcToolbox\Toolboxes\Data Management Tools.tbx\CalculateField" Date="20161220" Time="161634">CalculateField ADMIN.NrmRegions2 OFFICE_ID 79 VB #</Process><Process ToolSource="c:\esri\arcgis\desktop10.2\ArcToolbox\Toolboxes\Data Management Tools.tbx\CalculateField" Date="20161220" Time="161811">CalculateField ADMIN.NrmRegions2 OFFICE_ID 35 VB #</Process><Process ToolSource="c:\esri\arcgis\desktop10.2\ArcToolbox\Toolboxes\Data Management Tools.tbx\CalculateField" Date="20161220" Time="161959">CalculateField ADMIN.NrmRegions2 OFFICE_ID 12 VB #</Process><Process ToolSource="c:\esri\arcgis\desktop10.2\ArcToolbox\Toolboxes\Data Management Tools.tbx\ChangePrivileges" Date="20180608" Time="140318">ChangePrivileges '\\Env\gis\GisAdmin\Datamgt\DatabaseConnections\ArcGis10.2\EgisDATA - PRD - ADMIN.sde\ADMIN.NRMREGIONS' FIMS_READ GRANT #</Process><Process ToolSource="c:\esri\arcgis\desktop10.2\ArcToolbox\Toolboxes\Data Management Tools.tbx\ChangePrivileges" Date="20180608" Time="140747">ChangePrivileges '\\Env\gis\GisAdmin\Datamgt\DatabaseConnections\ArcGis10.2\EgisDATA - PRD - ADMIN.sde\ADMIN.NRMREGIONS' FIMS_READ GRANT #</Process><Process ToolSource="c:\esri\arcgis\desktop10.2\ArcToolbox\Toolboxes\Data Management Tools.tbx\ChangePrivileges" Date="20180608" Time="150344">ChangePrivileges '\\Env\gis\GisAdmin\Datamgt\DatabaseConnections\ArcGis10.2\EgisDATA - PRD - ADMIN.sde\ADMIN.NRMREGIONS' FIMS_READ GRANT #</Process><Process ToolSource="c:\esri\arcgis\desktop10.2\ArcToolbox\Toolboxes\Data Management Tools.tbx\ChangePrivileges" Date="20180608" Time="151306">ChangePrivileges '\\Env\gis\GisAdmin\Datamgt\DatabaseConnections\ArcGis10.2\EgisDATA - PRD - ADMIN.sde\ADMIN.NRMREGIONS' FIMS_READ GRANT #</Process><Process ToolSource="c:\esri\arcgis\desktop10.2\ArcToolbox\Toolboxes\Data Management Tools.tbx\ChangePrivileges" Date="20180611" Time="080045">ChangePrivileges '\\Env\gis\GisAdmin\Datamgt\DatabaseConnections\ArcGis10.2\EgisDATA - PRD - ADMIN.sde\ADMIN.NRMREGIONS' FIMS_READ GRANT #</Process><Process ToolSource="c:\esri\arcgis\desktop10.2\ArcToolbox\Toolboxes\Data Management Tools.tbx\ChangePrivileges" Date="20180613" Time="080046">ChangePrivileges '\\Env\gis\GisAdmin\Datamgt\DatabaseConnections\ArcGis10.2\EgisDATA - PRD - ADMIN.sde\ADMIN.NRMREGIONS' FIMS_READ GRANT #</Process><Process ToolSource="c:\esri\arcgis\desktop10.2\ArcToolbox\Toolboxes\Data Management Tools.tbx\ChangePrivileges" Date="20180615" Time="080034">ChangePrivileges '\\Env\gis\GisAdmin\Datamgt\DatabaseConnections\ArcGis10.2\EgisDATA - PRD - ADMIN.sde\ADMIN.NRMREGIONS' FIMS_READ GRANT #</Process><Process ToolSource="c:\esri\arcgis\desktop10.2\ArcToolbox\Toolboxes\Data Management Tools.tbx\ChangePrivileges" Date="20180618" Time="080043">ChangePrivileges '\\Env\gis\GisAdmin\Datamgt\DatabaseConnections\ArcGis10.2\EgisDATA - PRD - ADMIN.sde\ADMIN.NRMREGIONS' FIMS_READ GRANT #</Process><Process ToolSource="c:\esri\arcgis\desktop10.2\ArcToolbox\Toolboxes\Data Management Tools.tbx\ChangePrivileges" Date="20180619" Time="080030">ChangePrivileges '\\Env\gis\GisAdmin\Datamgt\DatabaseConnections\ArcGis10.2\EgisDATA - PRD - ADMIN.sde\ADMIN.NRMREGIONS' FIMS_READ GRANT #</Process><Process ToolSource="c:\esri\arcgis\desktop10.2\ArcToolbox\Toolboxes\Data Management Tools.tbx\ChangePrivileges" Date="20180620" Time="080045">ChangePrivileges '\\Env\gis\GisAdmin\Datamgt\DatabaseConnections\ArcGis10.2\EgisDATA - PRD - ADMIN.sde\ADMIN.NRMREGIONS' FIMS_READ GRANT #</Process><Process ToolSource="c:\esri\arcgis\desktop10.2\ArcToolbox\Toolboxes\Data Management Tools.tbx\ChangePrivileges" Date="20180622" Time="080035">ChangePrivileges '\\Env\gis\GisAdmin\Datamgt\DatabaseConnections\ArcGis10.2\EgisDATA - PRD - ADMIN.sde\ADMIN.NRMREGIONS' FIMS_READ GRANT #</Process><Process ToolSource="c:\esri\arcgis\desktop10.2\ArcToolbox\Toolboxes\Data Management Tools.tbx\ChangePrivileges" Date="20180625" Time="080045">ChangePrivileges '\\Env\gis\GisAdmin\Datamgt\DatabaseConnections\ArcGis10.2\EgisDATA - PRD - ADMIN.sde\ADMIN.NRMREGIONS' FIMS_READ GRANT #</Process><Process ToolSource="c:\esri\arcgis\desktop10.2\ArcToolbox\Toolboxes\Data Management Tools.tbx\ChangePrivileges" Date="20180627" Time="080032">ChangePrivileges '\\Env\gis\GisAdmin\Datamgt\DatabaseConnections\ArcGis10.2\EgisDATA - PRD - ADMIN.sde\ADMIN.NRMREGIONS' FIMS_READ GRANT #</Process><Process ToolSource="c:\esri\arcgis\desktop10.2\ArcToolbox\Toolboxes\Data Management Tools.tbx\ChangePrivileges" Date="20180629" Time="080049">ChangePrivileges '\\Env\gis\GisAdmin\Datamgt\DatabaseConnections\ArcGis10.2\EgisDATA - PRD - ADMIN.sde\ADMIN.NRMREGIONS' FIMS_READ GRANT #</Process><Process ToolSource="c:\esri\arcgis\desktop10.2\ArcToolbox\Toolboxes\Data Management Tools.tbx\ChangePrivileges" Date="20180703" Time="080031">ChangePrivileges '\\Env\gis\GisAdmin\Datamgt\DatabaseConnections\ArcGis10.2\EgisDATA - PRD - ADMIN.sde\ADMIN.NRMREGIONS' FIMS_READ GRANT #</Process><Process ToolSource="c:\esri\arcgis\desktop10.2\ArcToolbox\Toolboxes\Data Management Tools.tbx\ChangePrivileges" Date="20180704" Time="080031">ChangePrivileges '\\Env\gis\GisAdmin\Datamgt\DatabaseConnections\ArcGis10.2\EgisDATA - PRD - ADMIN.sde\ADMIN.NRMREGIONS' FIMS_READ GRANT #</Process><Process ToolSource="c:\esri\arcgis\desktop10.2\ArcToolbox\Toolboxes\Data Management Tools.tbx\ChangePrivileges" Date="20180705" Time="080044">ChangePrivileges '\\Env\gis\GisAdmin\Datamgt\DatabaseConnections\ArcGis10.2\EgisDATA - PRD - ADMIN.sde\ADMIN.NRMREGIONS' FIMS_READ GRANT #</Process><Process ToolSource="c:\esri\arcgis\desktop10.2\ArcToolbox\Toolboxes\Data Management Tools.tbx\ChangePrivileges" Date="20180706" Time="080031">ChangePrivileges '\\Env\gis\GisAdmin\Datamgt\DatabaseConnections\ArcGis10.2\EgisDATA - PRD - ADMIN.sde\ADMIN.NRMREGIONS' FIMS_READ GRANT #</Process><Process ToolSource="c:\esri\arcgis\desktop10.2\ArcToolbox\Toolboxes\Data Management Tools.tbx\ChangePrivileges" Date="20180709" Time="080031">ChangePrivileges '\\Env\gis\GisAdmin\Datamgt\DatabaseConnections\ArcGis10.2\EgisDATA - PRD - ADMIN.sde\ADMIN.NRMREGIONS' FIMS_READ GRANT #</Process><Process ToolSource="c:\esri\arcgis\desktop10.2\ArcToolbox\Toolboxes\Data Management Tools.tbx\ChangePrivileges" Date="20180710" Time="080031">ChangePrivileges '\\Env\gis\GisAdmin\Datamgt\DatabaseConnections\ArcGis10.2\EgisDATA - PRD - ADMIN.sde\ADMIN.NRMREGIONS' FIMS_READ GRANT #</Process><Process ToolSource="c:\esri\arcgis\desktop10.2\ArcToolbox\Toolboxes\Data Management Tools.tbx\ChangePrivileges" Date="20180711" Time="080047">ChangePrivileges '\\Env\gis\GisAdmin\Datamgt\DatabaseConnections\ArcGis10.2\EgisDATA - PRD - ADMIN.sde\ADMIN.NRMREGIONS' FIMS_READ GRANT #</Process><Process ToolSource="c:\esri\arcgis\desktop10.2\ArcToolbox\Toolboxes\Data Management Tools.tbx\ChangePrivileges" Date="20180712" Time="080033">ChangePrivileges '\\Env\gis\GisAdmin\Datamgt\DatabaseConnections\ArcGis10.2\EgisDATA - PRD - ADMIN.sde\ADMIN.NRMREGIONS' FIMS_READ GRANT #</Process><Process ToolSource="c:\esri\arcgis\desktop10.2\ArcToolbox\Toolboxes\Data Management Tools.tbx\ChangePrivileges" Date="20180713" Time="080029">ChangePrivileges '\\Env\gis\GisAdmin\Datamgt\DatabaseConnections\ArcGis10.2\EgisDATA - PRD - ADMIN.sde\ADMIN.NRMREGIONS' FIMS_READ GRANT #</Process><Process ToolSource="c:\esri\arcgis\desktop10.2\ArcToolbox\Toolboxes\Data Management Tools.tbx\ChangePrivileges" Date="20180716" Time="080044">ChangePrivileges '\\Env\gis\GisAdmin\Datamgt\DatabaseConnections\ArcGis10.2\EgisDATA - PRD - ADMIN.sde\ADMIN.NRMREGIONS' FIMS_READ GRANT #</Process><Process ToolSource="c:\esri\arcgis\desktop10.2\ArcToolbox\Toolboxes\Data Management Tools.tbx\ChangePrivileges" Date="20180717" Time="080034">ChangePrivileges '\\Env\gis\GisAdmin\Datamgt\DatabaseConnections\ArcGis10.2\EgisDATA - PRD - ADMIN.sde\ADMIN.NRMREGIONS' FIMS_READ GRANT #</Process><Process ToolSource="c:\esri\arcgis\desktop10.2\ArcToolbox\Toolboxes\Data Management Tools.tbx\ChangePrivileges" Date="20180718" Time="080034">ChangePrivileges '\\Env\gis\GisAdmin\Datamgt\DatabaseConnections\ArcGis10.2\EgisDATA - PRD - ADMIN.sde\ADMIN.NRMREGIONS' FIMS_READ GRANT #</Process><Process ToolSource="c:\esri\arcgis\desktop10.2\ArcToolbox\Toolboxes\Data Management Tools.tbx\ChangePrivileges" Date="20180719" Time="080034">ChangePrivileges '\\Env\gis\GisAdmin\Datamgt\DatabaseConnections\ArcGis10.2\EgisDATA - PRD - ADMIN.sde\ADMIN.NRMREGIONS' FIMS_READ GRANT #</Process><Process ToolSource="c:\esri\arcgis\desktop10.2\ArcToolbox\Toolboxes\Data Management Tools.tbx\ChangePrivileges" Date="20180720" Time="080031">ChangePrivileges '\\Env\gis\GisAdmin\Datamgt\DatabaseConnections\ArcGis10.2\EgisDATA - PRD - ADMIN.sde\ADMIN.NRMREGIONS' FIMS_READ GRANT #</Process><Process ToolSource="c:\esri\arcgis\desktop10.2\ArcToolbox\Toolboxes\Data Management Tools.tbx\ChangePrivileges" Date="20180723" Time="080032">ChangePrivileges '\\Env\gis\GisAdmin\Datamgt\DatabaseConnections\ArcGis10.2\EgisDATA - PRD - ADMIN.sde\ADMIN.NRMREGIONS' FIMS_READ GRANT #</Process><Process ToolSource="c:\esri\arcgis\desktop10.2\ArcToolbox\Toolboxes\Data Management Tools.tbx\ChangePrivileges" Date="20180725" Time="080031">ChangePrivileges '\\Env\gis\GisAdmin\Datamgt\DatabaseConnections\ArcGis10.2\EgisDATA - PRD - ADMIN.sde\ADMIN.NRMREGIONS' FIMS_READ GRANT #</Process><Process ToolSource="c:\esri\arcgis\desktop10.2\ArcToolbox\Toolboxes\Data Management Tools.tbx\ChangePrivileges" Date="20180726" Time="080033">ChangePrivileges '\\Env\gis\GisAdmin\Datamgt\DatabaseConnections\ArcGis10.2\EgisDATA - PRD - ADMIN.sde\ADMIN.NRMREGIONS' FIMS_READ GRANT #</Process><Process ToolSource="c:\esri\arcgis\desktop10.2\ArcToolbox\Toolboxes\Data Management Tools.tbx\ChangePrivileges" Date="20180727" Time="080033">ChangePrivileges '\\Env\gis\GisAdmin\Datamgt\DatabaseConnections\ArcGis10.2\EgisDATA - PRD - ADMIN.sde\ADMIN.NRMREGIONS' FIMS_READ GRANT #</Process><Process ToolSource="c:\esri\arcgis\desktop10.2\ArcToolbox\Toolboxes\Data Management Tools.tbx\ChangePrivileges" Date="20180730" Time="080032">ChangePrivileges '\\Env\gis\GisAdmin\Datamgt\DatabaseConnections\ArcGis10.2\EgisDATA - PRD - ADMIN.sde\ADMIN.NRMREGIONS' FIMS_READ GRANT #</Process><Process ToolSource="c:\esri\arcgis\desktop10.2\ArcToolbox\Toolboxes\Data Management Tools.tbx\ChangePrivileges" Date="20180731" Time="080031">ChangePrivileges '\\Env\gis\GisAdmin\Datamgt\DatabaseConnections\ArcGis10.2\EgisDATA - PRD - ADMIN.sde\ADMIN.NRMREGIONS' FIMS_READ GRANT #</Process><Process ToolSource="c:\esri\arcgis\desktop10.2\ArcToolbox\Toolboxes\Data Management Tools.tbx\ChangePrivileges" Date="20180801" Time="080030">ChangePrivileges '\\Env\gis\GisAdmin\Datamgt\DatabaseConnections\ArcGis10.2\EgisDATA - PRD - ADMIN.sde\ADMIN.NRMREGIONS' FIMS_READ GRANT #</Process><Process ToolSource="c:\esri\arcgis\desktop10.2\ArcToolbox\Toolboxes\Data Management Tools.tbx\ChangePrivileges" Date="20180801" Time="083720">ChangePrivileges '\\Env\gis\GisAdmin\Datamgt\DatabaseConnections\ArcGis10.2\EgisDATA - PRD - ADMIN.sde\ADMIN.NRMREGIONS' FIMS_READ GRANT #</Process><Process ToolSource="c:\esri\arcgis\desktop10.2\ArcToolbox\Toolboxes\Data Management Tools.tbx\ChangePrivileges" Date="20180802" Time="080033">ChangePrivileges '\\Env\gis\GisAdmin\Datamgt\DatabaseConnections\ArcGis10.2\EgisDATA - PRD - ADMIN.sde\ADMIN.NRMREGIONS' FIMS_READ GRANT #</Process><Process ToolSource="c:\program files (x86)\arcgis\desktop10.6\ArcToolbox\Toolboxes\Data Management Tools.tbx\ChangePrivileges" Date="20180807" Time="080056">ChangePrivileges '\\Env\gis\GisAdmin\Datamgt\DatabaseConnections\ArcGis10.2\EgisDATA - PRD - ADMIN.sde\ADMIN.NRMREGIONS' FIMS_READ GRANT #</Process><Process ToolSource="c:\program files (x86)\arcgis\desktop10.6\ArcToolbox\Toolboxes\Data Management Tools.tbx\ChangePrivileges" Date="20180808" Time="080055">ChangePrivileges '\\Env\gis\GisAdmin\Datamgt\DatabaseConnections\ArcGis10.2\EgisDATA - PRD - ADMIN.sde\ADMIN.NRMREGIONS' FIMS_READ GRANT #</Process><Process ToolSource="c:\program files (x86)\arcgis\desktop10.6\ArcToolbox\Toolboxes\Data Management Tools.tbx\ChangePrivileges" Date="20180809" Time="080137">ChangePrivileges '\\Env\gis\GisAdmin\Datamgt\DatabaseConnections\ArcGis10.2\EgisDATA - PRD - ADMIN.sde\ADMIN.NRMREGIONS' FIMS_READ GRANT #</Process><Process ToolSource="c:\program files (x86)\arcgis\desktop10.6\ArcToolbox\Toolboxes\Data Management Tools.tbx\ChangePrivileges" Date="20180810" Time="080137">ChangePrivileges '\\Env\gis\GisAdmin\Datamgt\DatabaseConnections\ArcGis10.2\EgisDATA - PRD - ADMIN.sde\ADMIN.NRMREGIONS' FIMS_READ GRANT #</Process><Process ToolSource="c:\program files (x86)\arcgis\desktop10.6\ArcToolbox\Toolboxes\Data Management Tools.tbx\ChangePrivileges" Date="20180813" Time="080139">ChangePrivileges '\\Env\gis\GisAdmin\Datamgt\DatabaseConnections\ArcGis10.2\EgisDATA - PRD - ADMIN.sde\ADMIN.NRMREGIONS' FIMS_READ GRANT #</Process><Process ToolSource="c:\program files (x86)\arcgis\desktop10.6\ArcToolbox\Toolboxes\Data Management Tools.tbx\ChangePrivileges" Date="20180814" Time="080055">ChangePrivileges '\\Env\gis\GisAdmin\Datamgt\DatabaseConnections\ArcGis10.2\EgisDATA - PRD - ADMIN.sde\ADMIN.NRMREGIONS' FIMS_READ GRANT #</Process><Process ToolSource="c:\program files (x86)\arcgis\desktop10.6\ArcToolbox\Toolboxes\Data Management Tools.tbx\ChangePrivileges" Date="20180815" Time="080137">ChangePrivileges '\\Env\gis\GisAdmin\Datamgt\DatabaseConnections\ArcGis10.2\EgisDATA - PRD - ADMIN.sde\ADMIN.NRMREGIONS' FIMS_READ GRANT #</Process><Process ToolSource="c:\program files (x86)\arcgis\desktop10.6\ArcToolbox\Toolboxes\Data Management Tools.tbx\ChangePrivileges" Date="20180816" Time="080136">ChangePrivileges '\\Env\gis\GisAdmin\Datamgt\DatabaseConnections\ArcGis10.2\EgisDATA - PRD - ADMIN.sde\ADMIN.NRMREGIONS' FIMS_READ GRANT #</Process><Process ToolSource="c:\program files (x86)\arcgis\desktop10.6\ArcToolbox\Toolboxes\Data Management Tools.tbx\ChangePrivileges" Date="20180820" Time="080138">ChangePrivileges '\\Env\gis\GisAdmin\Datamgt\DatabaseConnections\ArcGis10.2\EgisDATA - PRD - ADMIN.sde\ADMIN.NRMREGIONS' FIMS_READ GRANT #</Process><Process ToolSource="c:\program files (x86)\arcgis\desktop10.6\ArcToolbox\Toolboxes\Data Management Tools.tbx\ChangePrivileges" Date="20180821" Time="080213">ChangePrivileges '\\Env\gis\GisAdmin\Datamgt\DatabaseConnections\ArcGis10.2\EgisDATA - PRD - ADMIN.sde\ADMIN.NRMREGIONS' FIMS_READ GRANT #</Process><Process ToolSource="c:\program files (x86)\arcgis\desktop10.6\ArcToolbox\Toolboxes\Data Management Tools.tbx\ChangePrivileges" Date="20180822" Time="080138">ChangePrivileges '\\Env\gis\GisAdmin\Datamgt\DatabaseConnections\ArcGis10.2\EgisDATA - PRD - ADMIN.sde\ADMIN.NRMREGIONS' FIMS_READ GRANT #</Process><Process ToolSource="c:\program files (x86)\arcgis\desktop10.6\ArcToolbox\Toolboxes\Data Management Tools.tbx\ChangePrivileges" Date="20180823" Time="080137">ChangePrivileges '\\Env\gis\GisAdmin\Datamgt\DatabaseConnections\ArcGis10.2\EgisDATA - PRD - ADMIN.sde\ADMIN.NRMREGIONS' FIMS_READ GRANT #</Process><Process ToolSource="c:\program files (x86)\arcgis\desktop10.6\ArcToolbox\Toolboxes\Data Management Tools.tbx\ChangePrivileges" Date="20180824" Time="080138">ChangePrivileges '\\Env\gis\GisAdmin\Datamgt\DatabaseConnections\ArcGis10.2\EgisDATA - PRD - ADMIN.sde\ADMIN.NRMREGIONS' FIMS_READ GRANT #</Process><Process ToolSource="c:\program files (x86)\arcgis\desktop10.6\ArcToolbox\Toolboxes\Data Management Tools.tbx\ChangePrivileges" Date="20180827" Time="080136">ChangePrivileges '\\Env\gis\GisAdmin\Datamgt\DatabaseConnections\ArcGis10.2\EgisDATA - PRD - ADMIN.sde\ADMIN.NRMREGIONS' FIMS_READ GRANT #</Process><Process ToolSource="c:\program files (x86)\arcgis\desktop10.6\ArcToolbox\Toolboxes\Data Management Tools.tbx\ChangePrivileges" Date="20180828" Time="080053">ChangePrivileges '\\Env\gis\GisAdmin\Datamgt\DatabaseConnections\ArcGis10.2\EgisDATA - PRD - ADMIN.sde\ADMIN.NRMREGIONS' FIMS_READ GRANT #</Process><Process ToolSource="c:\program files (x86)\arcgis\desktop10.6\ArcToolbox\Toolboxes\Data Management Tools.tbx\ChangePrivileges" Date="20180829" Time="080115">ChangePrivileges '\\Env\gis\GisAdmin\Datamgt\DatabaseConnections\ArcGis10.2\EgisDATA - PRD - ADMIN.sde\ADMIN.NRMREGIONS' FIMS_READ GRANT #</Process><Process ToolSource="c:\program files (x86)\arcgis\desktop10.6\ArcToolbox\Toolboxes\Data Management Tools.tbx\ChangePrivileges" Date="20180830" Time="080117">ChangePrivileges '\\Env\gis\GisAdmin\Datamgt\DatabaseConnections\ArcGis10.2\EgisDATA - PRD - ADMIN.sde\ADMIN.NRMREGIONS' FIMS_READ GRANT #</Process><Process ToolSource="c:\program files (x86)\arcgis\desktop10.6\ArcToolbox\Toolboxes\Data Management Tools.tbx\ChangePrivileges" Date="20180831" Time="080113">ChangePrivileges '\\Env\gis\GisAdmin\Datamgt\DatabaseConnections\ArcGis10.2\EgisDATA - PRD - ADMIN.sde\ADMIN.NRMREGIONS' FIMS_READ GRANT #</Process><Process ToolSource="c:\program files (x86)\arcgis\desktop10.6\ArcToolbox\Toolboxes\Data Management Tools.tbx\ChangePrivileges" Date="20180903" Time="080115">ChangePrivileges '\\Env\gis\GisAdmin\Datamgt\DatabaseConnections\ArcGis10.2\EgisDATA - PRD - ADMIN.sde\ADMIN.NRMREGIONS' FIMS_READ GRANT #</Process><Process ToolSource="c:\program files (x86)\arcgis\desktop10.6\ArcToolbox\Toolboxes\Data Management Tools.tbx\ChangePrivileges" Date="20180904" Time="080109">ChangePrivileges '\\Env\gis\GisAdmin\Datamgt\DatabaseConnections\ArcGis10.2\EgisDATA - PRD - ADMIN.sde\ADMIN.NRMREGIONS' FIMS_READ GRANT #</Process><Process ToolSource="c:\program files (x86)\arcgis\desktop10.6\ArcToolbox\Toolboxes\Data Management Tools.tbx\ChangePrivileges" Date="20180905" Time="080138">ChangePrivileges '\\Env\gis\GisAdmin\Datamgt\DatabaseConnections\ArcGis10.2\EgisDATA - PRD - ADMIN.sde\ADMIN.NRMREGIONS' FIMS_READ GRANT #</Process><Process ToolSource="c:\program files (x86)\arcgis\desktop10.6\ArcToolbox\Toolboxes\Data Management Tools.tbx\ChangePrivileges" Date="20180906" Time="080111">ChangePrivileges '\\Env\gis\GisAdmin\Datamgt\DatabaseConnections\ArcGis10.2\EgisDATA - PRD - ADMIN.sde\ADMIN.NRMREGIONS' FIMS_READ GRANT #</Process><Process ToolSource="c:\program files (x86)\arcgis\desktop10.6\ArcToolbox\Toolboxes\Data Management Tools.tbx\ChangePrivileges" Date="20180907" Time="080113">ChangePrivileges '\\Env\gis\GisAdmin\Datamgt\DatabaseConnections\ArcGis10.2\EgisDATA - PRD - ADMIN.sde\ADMIN.NRMREGIONS' FIMS_READ GRANT #</Process><Process ToolSource="c:\program files (x86)\arcgis\desktop10.6\ArcToolbox\Toolboxes\Data Management Tools.tbx\ChangePrivileges" Date="20180910" Time="080115">ChangePrivileges '\\Env\gis\GisAdmin\Datamgt\DatabaseConnections\ArcGis10.2\EgisDATA - PRD - ADMIN.sde\ADMIN.NRMREGIONS' FIMS_READ GRANT #</Process><Process ToolSource="c:\program files (x86)\arcgis\desktop10.6\ArcToolbox\Toolboxes\Data Management Tools.tbx\ChangePrivileges" Date="20180911" Time="080112">ChangePrivileges '\\Env\gis\GisAdmin\Datamgt\DatabaseConnections\ArcGis10.2\EgisDATA - PRD - ADMIN.sde\ADMIN.NRMREGIONS' FIMS_READ GRANT #</Process><Process ToolSource="c:\program files (x86)\arcgis\desktop10.6\ArcToolbox\Toolboxes\Data Management Tools.tbx\ChangePrivileges" Date="20180912" Time="080111">ChangePrivileges '\\Env\gis\GisAdmin\Datamgt\DatabaseConnections\ArcGis10.2\EgisDATA - PRD - ADMIN.sde\ADMIN.NRMREGIONS' FIMS_READ GRANT #</Process><Process ToolSource="c:\program files (x86)\arcgis\desktop10.6\ArcToolbox\Toolboxes\Data Management Tools.tbx\ChangePrivileges" Date="20180913" Time="080113">ChangePrivileges '\\Env\gis\GisAdmin\Datamgt\DatabaseConnections\ArcGis10.2\EgisDATA - PRD - ADMIN.sde\ADMIN.NRMREGIONS' FIMS_READ GRANT #</Process><Process ToolSource="c:\program files (x86)\arcgis\desktop10.6\ArcToolbox\Toolboxes\Data Management Tools.tbx\ChangePrivileges" Date="20180914" Time="080115">ChangePrivileges '\\Env\gis\GisAdmin\Datamgt\DatabaseConnections\ArcGis10.2\EgisDATA - PRD - ADMIN.sde\ADMIN.NRMREGIONS' FIMS_READ GRANT #</Process><Process ToolSource="c:\program files (x86)\arcgis\desktop10.6\ArcToolbox\Toolboxes\Data Management Tools.tbx\ChangePrivileges" Date="20180918" Time="080056">ChangePrivileges '\\Env\gis\GisAdmin\Datamgt\DatabaseConnections\ArcGis10.2\EgisDATA - PRD - ADMIN.sde\ADMIN.NRMREGIONS' FIMS_READ GRANT #</Process><Process ToolSource="c:\program files (x86)\arcgis\desktop10.6\ArcToolbox\Toolboxes\Data Management Tools.tbx\ChangePrivileges" Date="20180919" Time="080116">ChangePrivileges '\\Env\gis\GisAdmin\Datamgt\DatabaseConnections\ArcGis10.2\EgisDATA - PRD - ADMIN.sde\ADMIN.NRMREGIONS' FIMS_READ GRANT #</Process><Process ToolSource="c:\program files (x86)\arcgis\desktop10.6\ArcToolbox\Toolboxes\Data Management Tools.tbx\ChangePrivileges" Date="20180920" Time="080112">ChangePrivileges '\\Env\gis\GisAdmin\Datamgt\DatabaseConnections\ArcGis10.2\EgisDATA - PRD - ADMIN.sde\ADMIN.NRMREGIONS' FIMS_READ GRANT #</Process><Process ToolSource="c:\program files (x86)\arcgis\desktop10.6\ArcToolbox\Toolboxes\Data Management Tools.tbx\ChangePrivileges" Date="20180921" Time="080117">ChangePrivileges '\\Env\gis\GisAdmin\Datamgt\DatabaseConnections\ArcGis10.2\EgisDATA - PRD - ADMIN.sde\ADMIN.NRMREGIONS' FIMS_READ GRANT #</Process><Process ToolSource="c:\program files (x86)\arcgis\desktop10.6\ArcToolbox\Toolboxes\Data Management Tools.tbx\ChangePrivileges" Date="20180924" Time="080111">ChangePrivileges '\\Env\gis\GisAdmin\Datamgt\DatabaseConnections\ArcGis10.2\EgisDATA - PRD - ADMIN.sde\ADMIN.NRMREGIONS' FIMS_READ GRANT #</Process><Process ToolSource="c:\program files (x86)\arcgis\desktop10.6\ArcToolbox\Toolboxes\Data Management Tools.tbx\ChangePrivileges" Date="20180925" Time="080115">ChangePrivileges '\\Env\gis\GisAdmin\Datamgt\DatabaseConnections\ArcGis10.2\EgisDATA - PRD - ADMIN.sde\ADMIN.NRMREGIONS' FIMS_READ GRANT #</Process><Process ToolSource="c:\program files (x86)\arcgis\desktop10.6\ArcToolbox\Toolboxes\Data Management Tools.tbx\ChangePrivileges" Date="20180926" Time="080112">ChangePrivileges '\\Env\gis\GisAdmin\Datamgt\DatabaseConnections\ArcGis10.2\EgisDATA - PRD - ADMIN.sde\ADMIN.NRMREGIONS' FIMS_READ GRANT #</Process><Process ToolSource="c:\program files (x86)\arcgis\desktop10.6\ArcToolbox\Toolboxes\Data Management Tools.tbx\ChangePrivileges" Date="20180927" Time="080118">ChangePrivileges '\\Env\gis\GisAdmin\Datamgt\DatabaseConnections\ArcGis10.2\EgisDATA - PRD - ADMIN.sde\ADMIN.NRMREGIONS' FIMS_READ GRANT #</Process><Process ToolSource="c:\program files (x86)\arcgis\desktop10.6\ArcToolbox\Toolboxes\Data Management Tools.tbx\ChangePrivileges" Date="20180928" Time="080113">ChangePrivileges '\\Env\gis\GisAdmin\Datamgt\DatabaseConnections\ArcGis10.2\EgisDATA - PRD - ADMIN.sde\ADMIN.NRMREGIONS' FIMS_READ GRANT #</Process><Process ToolSource="c:\program files (x86)\arcgis\desktop10.6\ArcToolbox\Toolboxes\Data Management Tools.tbx\ChangePrivileges" Date="20181001" Time="080114">ChangePrivileges '\\Env\gis\GisAdmin\Datamgt\DatabaseConnections\ArcGis10.2\EgisDATA - PRD - ADMIN.sde\ADMIN.NRMREGIONS' FIMS_READ GRANT #</Process><Process ToolSource="c:\program files (x86)\arcgis\desktop10.6\ArcToolbox\Toolboxes\Data Management Tools.tbx\ChangePrivileges" Date="20181002" Time="080114">ChangePrivileges '\\Env\gis\GisAdmin\Datamgt\DatabaseConnections\ArcGis10.2\EgisDATA - PRD - ADMIN.sde\ADMIN.NRMREGIONS' FIMS_READ GRANT #</Process><Process ToolSource="c:\program files (x86)\arcgis\desktop10.6\ArcToolbox\Toolboxes\Data Management Tools.tbx\ChangePrivileges" Date="20181003" Time="080114">ChangePrivileges '\\Env\gis\GisAdmin\Datamgt\DatabaseConnections\ArcGis10.2\EgisDATA - PRD - ADMIN.sde\ADMIN.NRMREGIONS' FIMS_READ GRANT #</Process><Process ToolSource="c:\program files (x86)\arcgis\desktop10.6\ArcToolbox\Toolboxes\Data Management Tools.tbx\ChangePrivileges" Date="20181005" Time="080115">ChangePrivileges '\\Env\gis\GisAdmin\Datamgt\DatabaseConnections\ArcGis10.2\EgisDATA - PRD - ADMIN.sde\ADMIN.NRMREGIONS' FIMS_READ GRANT #</Process><Process ToolSource="c:\program files (x86)\arcgis\desktop10.6\ArcToolbox\Toolboxes\Data Management Tools.tbx\ChangePrivileges" Date="20181008" Time="080129">ChangePrivileges '\\Env\gis\GisAdmin\Datamgt\DatabaseConnections\ArcGis10.2\EgisDATA - PRD - ADMIN.sde\ADMIN.NRMREGIONS' FIMS_READ GRANT #</Process><Process ToolSource="c:\program files (x86)\arcgis\desktop10.6\ArcToolbox\Toolboxes\Data Management Tools.tbx\ChangePrivileges" Date="20181009" Time="080054">ChangePrivileges '\\Env\gis\GisAdmin\Datamgt\DatabaseConnections\ArcGis10.2\EgisDATA - PRD - ADMIN.sde\ADMIN.NRMREGIONS' FIMS_READ GRANT #</Process><Process ToolSource="c:\program files (x86)\arcgis\desktop10.6\ArcToolbox\Toolboxes\Data Management Tools.tbx\ChangePrivileges" Date="20181010" Time="080112">ChangePrivileges '\\Env\gis\GisAdmin\Datamgt\DatabaseConnections\ArcGis10.2\EgisDATA - PRD - ADMIN.sde\ADMIN.NRMREGIONS' FIMS_READ GRANT #</Process><Process ToolSource="c:\program files (x86)\arcgis\desktop10.6\ArcToolbox\Toolboxes\Data Management Tools.tbx\ChangePrivileges" Date="20181011" Time="080112">ChangePrivileges '\\Env\gis\GisAdmin\Datamgt\DatabaseConnections\ArcGis10.2\EgisDATA - PRD - ADMIN.sde\ADMIN.NRMREGIONS' FIMS_READ GRANT #</Process><Process ToolSource="c:\program files (x86)\arcgis\desktop10.6\ArcToolbox\Toolboxes\Data Management Tools.tbx\ChangePrivileges" Date="20181012" Time="080114">ChangePrivileges '\\Env\gis\GisAdmin\Datamgt\DatabaseConnections\ArcGis10.2\EgisDATA - PRD - ADMIN.sde\ADMIN.NRMREGIONS' FIMS_READ GRANT #</Process><Process ToolSource="c:\program files (x86)\arcgis\desktop10.6\ArcToolbox\Toolboxes\Data Management Tools.tbx\ChangePrivileges" Date="20181015" Time="080114">ChangePrivileges '\\Env\gis\GisAdmin\Datamgt\DatabaseConnections\ArcGis10.2\EgisDATA - PRD - ADMIN.sde\ADMIN.NRMREGIONS' FIMS_READ GRANT #</Process><Process ToolSource="c:\program files (x86)\arcgis\desktop10.6\ArcToolbox\Toolboxes\Data Management Tools.tbx\ChangePrivileges" Date="20181016" Time="080113">ChangePrivileges '\\Env\gis\GisAdmin\Datamgt\DatabaseConnections\ArcGis10.2\EgisDATA - PRD - ADMIN.sde\ADMIN.NRMREGIONS' FIMS_READ GRANT #</Process><Process ToolSource="c:\program files (x86)\arcgis\desktop10.6\ArcToolbox\Toolboxes\Data Management Tools.tbx\ChangePrivileges" Date="20181017" Time="080113">ChangePrivileges '\\Env\gis\GisAdmin\Datamgt\DatabaseConnections\ArcGis10.2\EgisDATA - PRD - ADMIN.sde\ADMIN.NRMREGIONS' FIMS_READ GRANT #</Process><Process ToolSource="c:\program files (x86)\arcgis\desktop10.6\ArcToolbox\Toolboxes\Data Management Tools.tbx\ChangePrivileges" Date="20181018" Time="080122">ChangePrivileges '\\Env\gis\GisAdmin\Datamgt\DatabaseConnections\ArcGis10.2\EgisDATA - PRD - ADMIN.sde\ADMIN.NRMREGIONS' FIMS_READ GRANT #</Process><Process ToolSource="c:\program files (x86)\arcgis\desktop10.6\ArcToolbox\Toolboxes\Data Management Tools.tbx\ChangePrivileges" Date="20181019" Time="080114">ChangePrivileges '\\Env\gis\GisAdmin\Datamgt\DatabaseConnections\ArcGis10.2\EgisDATA - PRD - ADMIN.sde\ADMIN.NRMREGIONS' FIMS_READ GRANT #</Process><Process ToolSource="c:\program files (x86)\arcgis\desktop10.6\ArcToolbox\Toolboxes\Data Management Tools.tbx\ChangePrivileges" Date="20181022" Time="080113">ChangePrivileges '\\Env\gis\GisAdmin\Datamgt\DatabaseConnections\ArcGis10.2\EgisDATA - PRD - ADMIN.sde\ADMIN.NRMREGIONS' FIMS_READ GRANT #</Process><Process ToolSource="c:\program files (x86)\arcgis\desktop10.6\ArcToolbox\Toolboxes\Data Management Tools.tbx\ChangePrivileges" Date="20181023" Time="080055">ChangePrivileges '\\Env\gis\GisAdmin\Datamgt\DatabaseConnections\ArcGis10.2\EgisDATA - PRD - ADMIN.sde\ADMIN.NRMREGIONS' FIMS_READ GRANT #</Process><Process ToolSource="c:\program files (x86)\arcgis\desktop10.6\ArcToolbox\Toolboxes\Data Management Tools.tbx\ChangePrivileges" Date="20181024" Time="080113">ChangePrivileges '\\Env\gis\GisAdmin\Datamgt\DatabaseConnections\ArcGis10.2\EgisDATA - PRD - ADMIN.sde\ADMIN.NRMREGIONS' FIMS_READ GRANT #</Process><Process ToolSource="c:\program files (x86)\arcgis\desktop10.6\ArcToolbox\Toolboxes\Data Management Tools.tbx\ChangePrivileges" Date="20181025" Time="080113">ChangePrivileges '\\Env\gis\GisAdmin\Datamgt\DatabaseConnections\ArcGis10.2\EgisDATA - PRD - ADMIN.sde\ADMIN.NRMREGIONS' FIMS_READ GRANT #</Process><Process ToolSource="c:\program files (x86)\arcgis\desktop10.6\ArcToolbox\Toolboxes\Data Management Tools.tbx\ChangePrivileges" Date="20181026" Time="080112">ChangePrivileges '\\Env\gis\GisAdmin\Datamgt\DatabaseConnections\ArcGis10.2\EgisDATA - PRD - ADMIN.sde\ADMIN.NRMREGIONS' FIMS_READ GRANT #</Process><Process ToolSource="c:\program files (x86)\arcgis\desktop10.6\ArcToolbox\Toolboxes\Data Management Tools.tbx\ChangePrivileges" Date="20181029" Time="080111">ChangePrivileges '\\Env\gis\GisAdmin\Datamgt\DatabaseConnections\ArcGis10.2\EgisDATA - PRD - ADMIN.sde\ADMIN.NRMREGIONS' FIMS_READ GRANT #</Process><Process ToolSource="c:\program files (x86)\arcgis\desktop10.6\ArcToolbox\Toolboxes\Data Management Tools.tbx\ChangePrivileges" Date="20181030" Time="080111">ChangePrivileges '\\Env\gis\GisAdmin\Datamgt\DatabaseConnections\ArcGis10.2\EgisDATA - PRD - ADMIN.sde\ADMIN.NRMREGIONS' FIMS_READ GRANT #</Process><Process ToolSource="c:\program files (x86)\arcgis\desktop10.6\ArcToolbox\Toolboxes\Data Management Tools.tbx\ChangePrivileges" Date="20181031" Time="080112">ChangePrivileges '\\Env\gis\GisAdmin\Datamgt\DatabaseConnections\ArcGis10.2\EgisDATA - PRD - ADMIN.sde\ADMIN.NRMREGIONS' FIMS_READ GRANT #</Process><Process ToolSource="c:\program files (x86)\arcgis\desktop10.6\ArcToolbox\Toolboxes\Data Management Tools.tbx\ChangePrivileges" Date="20181101" Time="080114">ChangePrivileges '\\Env\gis\GisAdmin\Datamgt\DatabaseConnections\ArcGis10.2\EgisDATA - PRD - ADMIN.sde\ADMIN.NRMREGIONS' FIMS_READ GRANT #</Process><Process ToolSource="c:\program files (x86)\arcgis\desktop10.6\ArcToolbox\Toolboxes\Data Management Tools.tbx\ChangePrivileges" Date="20181102" Time="080118">ChangePrivileges '\\Env\gis\GisAdmin\Datamgt\DatabaseConnections\ArcGis10.2\EgisDATA - PRD - ADMIN.sde\ADMIN.NRMREGIONS' FIMS_READ GRANT #</Process><Process ToolSource="c:\program files (x86)\arcgis\desktop10.6\ArcToolbox\Toolboxes\Data Management Tools.tbx\ChangePrivileges" Date="20181105" Time="080113">ChangePrivileges '\\Env\gis\GisAdmin\Datamgt\DatabaseConnections\ArcGis10.2\EgisDATA - PRD - ADMIN.sde\ADMIN.NRMREGIONS' FIMS_READ GRANT #</Process><Process ToolSource="c:\program files (x86)\arcgis\desktop10.6\ArcToolbox\Toolboxes\Data Management Tools.tbx\ChangePrivileges" Date="20181106" Time="080114">ChangePrivileges '\\Env\gis\GisAdmin\Datamgt\DatabaseConnections\ArcGis10.2\EgisDATA - PRD - ADMIN.sde\ADMIN.NRMREGIONS' FIMS_READ GRANT #</Process><Process ToolSource="c:\program files (x86)\arcgis\desktop10.6\ArcToolbox\Toolboxes\Data Management Tools.tbx\ChangePrivileges" Date="20181107" Time="080118">ChangePrivileges '\\Env\gis\GisAdmin\Datamgt\DatabaseConnections\ArcGis10.2\EgisDATA - PRD - ADMIN.sde\ADMIN.NRMREGIONS' FIMS_READ GRANT #</Process><Process ToolSource="c:\program files (x86)\arcgis\desktop10.6\ArcToolbox\Toolboxes\Data Management Tools.tbx\ChangePrivileges" Date="20181108" Time="080145">ChangePrivileges '\\Env\gis\GisAdmin\Datamgt\DatabaseConnections\ArcGis10.2\EgisDATA - PRD - ADMIN.sde\ADMIN.NRMREGIONS' FIMS_READ GRANT #</Process><Process ToolSource="c:\program files (x86)\arcgis\desktop10.6\ArcToolbox\Toolboxes\Data Management Tools.tbx\ChangePrivileges" Date="20181109" Time="080114">ChangePrivileges '\\Env\gis\GisAdmin\Datamgt\DatabaseConnections\ArcGis10.2\EgisDATA - PRD - ADMIN.sde\ADMIN.NRMREGIONS' FIMS_READ GRANT #</Process><Process ToolSource="c:\program files (x86)\arcgis\desktop10.6\ArcToolbox\Toolboxes\Data Management Tools.tbx\ChangePrivileges" Date="20181112" Time="080112">ChangePrivileges '\\Env\gis\GisAdmin\Datamgt\DatabaseConnections\ArcGis10.2\EgisDATA - PRD - ADMIN.sde\ADMIN.NRMREGIONS' FIMS_READ GRANT #</Process><Process ToolSource="c:\program files (x86)\arcgis\desktop10.6\ArcToolbox\Toolboxes\Data Management Tools.tbx\ChangePrivileges" Date="20181113" Time="080058">ChangePrivileges '\\Env\gis\GisAdmin\Datamgt\DatabaseConnections\ArcGis10.2\EgisDATA - PRD - ADMIN.sde\ADMIN.NRMREGIONS' FIMS_READ GRANT #</Process><Process ToolSource="c:\program files (x86)\arcgis\desktop10.6\ArcToolbox\Toolboxes\Data Management Tools.tbx\ChangePrivileges" Date="20181114" Time="080111">ChangePrivileges '\\Env\gis\GisAdmin\Datamgt\DatabaseConnections\ArcGis10.2\EgisDATA - PRD - ADMIN.sde\ADMIN.NRMREGIONS' FIMS_READ GRANT #</Process><Process ToolSource="c:\program files (x86)\arcgis\desktop10.6\ArcToolbox\Toolboxes\Data Management Tools.tbx\ChangePrivileges" Date="20181115" Time="080059">ChangePrivileges '\\Env\gis\GisAdmin\Datamgt\DatabaseConnections\ArcGis10.2\EgisDATA - PRD - ADMIN.sde\ADMIN.NRMREGIONS' FIMS_READ GRANT #</Process><Process ToolSource="c:\program files (x86)\arcgis\desktop10.6\ArcToolbox\Toolboxes\Data Management Tools.tbx\ChangePrivileges" Date="20181116" Time="080120">ChangePrivileges '\\Env\gis\GisAdmin\Datamgt\DatabaseConnections\ArcGis10.2\EgisDATA - PRD - ADMIN.sde\ADMIN.NRMREGIONS' FIMS_READ GRANT #</Process><Process ToolSource="c:\program files (x86)\arcgis\desktop10.6\ArcToolbox\Toolboxes\Data Management Tools.tbx\ChangePrivileges" Date="20181120" Time="080055">ChangePrivileges '\\Env\gis\GisAdmin\Datamgt\DatabaseConnections\ArcGis10.2\EgisDATA - PRD - ADMIN.sde\ADMIN.NRMREGIONS' FIMS_READ GRANT #</Process><Process ToolSource="c:\program files (x86)\arcgis\desktop10.6\ArcToolbox\Toolboxes\Data Management Tools.tbx\ChangePrivileges" Date="20181121" Time="080113">ChangePrivileges '\\Env\gis\GisAdmin\Datamgt\DatabaseConnections\ArcGis10.2\EgisDATA - PRD - ADMIN.sde\ADMIN.NRMREGIONS' FIMS_READ GRANT #</Process><Process ToolSource="c:\program files (x86)\arcgis\desktop10.6\ArcToolbox\Toolboxes\Data Management Tools.tbx\ChangePrivileges" Date="20181122" Time="080113">ChangePrivileges '\\Env\gis\GisAdmin\Datamgt\DatabaseConnections\ArcGis10.2\EgisDATA - PRD - ADMIN.sde\ADMIN.NRMREGIONS' FIMS_READ GRANT #</Process><Process ToolSource="c:\program files (x86)\arcgis\desktop10.6\ArcToolbox\Toolboxes\Data Management Tools.tbx\ChangePrivileges" Date="20181123" Time="080113">ChangePrivileges '\\Env\gis\GisAdmin\Datamgt\DatabaseConnections\ArcGis10.2\EgisDATA - PRD - ADMIN.sde\ADMIN.NRMREGIONS' FIMS_READ GRANT #</Process><Process ToolSource="c:\program files (x86)\arcgis\desktop10.6\ArcToolbox\Toolboxes\Data Management Tools.tbx\ChangePrivileges" Date="20181126" Time="080112">ChangePrivileges '\\Env\gis\GisAdmin\Datamgt\DatabaseConnections\ArcGis10.2\EgisDATA - PRD - ADMIN.sde\ADMIN.NRMREGIONS' FIMS_READ GRANT #</Process><Process ToolSource="c:\program files (x86)\arcgis\desktop10.6\ArcToolbox\Toolboxes\Data Management Tools.tbx\ChangePrivileges" Date="20181127" Time="080131">ChangePrivileges '\\Env\gis\GisAdmin\Datamgt\DatabaseConnections\ArcGis10.2\EgisDATA - PRD - ADMIN.sde\ADMIN.NRMREGIONS' FIMS_READ GRANT #</Process><Process ToolSource="c:\program files (x86)\arcgis\desktop10.6\ArcToolbox\Toolboxes\Data Management Tools.tbx\ChangePrivileges" Date="20181128" Time="080111">ChangePrivileges '\\Env\gis\GisAdmin\Datamgt\DatabaseConnections\ArcGis10.2\EgisDATA - PRD - ADMIN.sde\ADMIN.NRMREGIONS' FIMS_READ GRANT #</Process><Process ToolSource="c:\program files (x86)\arcgis\desktop10.6\ArcToolbox\Toolboxes\Data Management Tools.tbx\ChangePrivileges" Date="20181129" Time="080055">ChangePrivileges '\\Env\gis\GisAdmin\Datamgt\DatabaseConnections\ArcGis10.2\EgisDATA - PRD - ADMIN.sde\ADMIN.NRMREGIONS' FIMS_READ GRANT #</Process><Process ToolSource="c:\program files (x86)\arcgis\desktop10.6\ArcToolbox\Toolboxes\Data Management Tools.tbx\ChangePrivileges" Date="20181130" Time="080121">ChangePrivileges '\\Env\gis\GisAdmin\Datamgt\DatabaseConnections\ArcGis10.2\EgisDATA - PRD - ADMIN.sde\ADMIN.NRMREGIONS' FIMS_READ GRANT #</Process><Process ToolSource="c:\program files (x86)\arcgis\desktop10.6\ArcToolbox\Toolboxes\Data Management Tools.tbx\ChangePrivileges" Date="20181203" Time="080053">ChangePrivileges '\\Env\gis\GisAdmin\Datamgt\DatabaseConnections\ArcGis10.2\EgisDATA - PRD - ADMIN.sde\ADMIN.NRMREGIONS' FIMS_READ GRANT #</Process><Process ToolSource="c:\program files (x86)\arcgis\desktop10.6\ArcToolbox\Toolboxes\Data Management Tools.tbx\ChangePrivileges" Date="20181204" Time="080112">ChangePrivileges '\\Env\gis\GisAdmin\Datamgt\DatabaseConnections\ArcGis10.2\EgisDATA - PRD - ADMIN.sde\ADMIN.NRMREGIONS' FIMS_READ GRANT #</Process><Process ToolSource="c:\program files (x86)\arcgis\desktop10.6\ArcToolbox\Toolboxes\Data Management Tools.tbx\ChangePrivileges" Date="20181205" Time="080058">ChangePrivileges '\\Env\gis\GisAdmin\Datamgt\DatabaseConnections\ArcGis10.2\EgisDATA - PRD - ADMIN.sde\ADMIN.NRMREGIONS' FIMS_READ GRANT #</Process><Process ToolSource="c:\program files (x86)\arcgis\desktop10.6\ArcToolbox\Toolboxes\Data Management Tools.tbx\ChangePrivileges" Date="20181206" Time="080052">ChangePrivileges '\\Env\gis\GisAdmin\Datamgt\DatabaseConnections\ArcGis10.2\EgisDATA - PRD - ADMIN.sde\ADMIN.NRMREGIONS' FIMS_READ GRANT #</Process><Process ToolSource="c:\program files (x86)\arcgis\desktop10.6\ArcToolbox\Toolboxes\Data Management Tools.tbx\ChangePrivileges" Date="20181207" Time="080115">ChangePrivileges '\\Env\gis\GisAdmin\Datamgt\DatabaseConnections\ArcGis10.2\EgisDATA - PRD - ADMIN.sde\ADMIN.NRMREGIONS' FIMS_READ GRANT #</Process><Process ToolSource="c:\program files (x86)\arcgis\desktop10.6\ArcToolbox\Toolboxes\Data Management Tools.tbx\ChangePrivileges" Date="20181210" Time="080120">ChangePrivileges '\\Env\gis\GisAdmin\Datamgt\DatabaseConnections\ArcGis10.2\EgisDATA - PRD - ADMIN.sde\ADMIN.NRMREGIONS' FIMS_READ GRANT #</Process><Process ToolSource="c:\program files (x86)\arcgis\desktop10.6\ArcToolbox\Toolboxes\Data Management Tools.tbx\ChangePrivileges" Date="20181211" Time="080111">ChangePrivileges '\\Env\gis\GisAdmin\Datamgt\DatabaseConnections\ArcGis10.2\EgisDATA - PRD - ADMIN.sde\ADMIN.NRMREGIONS' FIMS_READ GRANT #</Process><Process ToolSource="c:\program files (x86)\arcgis\desktop10.6\ArcToolbox\Toolboxes\Data Management Tools.tbx\ChangePrivileges" Date="20181212" Time="080056">ChangePrivileges '\\Env\gis\GisAdmin\Datamgt\DatabaseConnections\ArcGis10.2\EgisDATA - PRD - ADMIN.sde\ADMIN.NRMREGIONS' FIMS_READ GRANT #</Process><Process ToolSource="c:\program files (x86)\arcgis\desktop10.6\ArcToolbox\Toolboxes\Data Management Tools.tbx\ChangePrivileges" Date="20181213" Time="080111">ChangePrivileges '\\Env\gis\GisAdmin\Datamgt\DatabaseConnections\ArcGis10.2\EgisDATA - PRD - ADMIN.sde\ADMIN.NRMREGIONS' FIMS_READ GRANT #</Process><Process ToolSource="c:\program files (x86)\arcgis\desktop10.6\ArcToolbox\Toolboxes\Data Management Tools.tbx\ChangePrivileges" Date="20181217" Time="080030">ChangePrivileges '\\Env\gis\GisAdmin\Datamgt\DatabaseConnections\ArcGis10.2\EgisDATA - PRD - ADMIN.sde\ADMIN.NRMREGIONS' FIMS_READ GRANT #</Process><Process ToolSource="c:\program files (x86)\arcgis\desktop10.6\ArcToolbox\Toolboxes\Data Management Tools.tbx\ChangePrivileges" Date="20181218" Time="080031">ChangePrivileges '\\Env\gis\GisAdmin\Datamgt\DatabaseConnections\ArcGis10.2\EgisDATA - PRD - ADMIN.sde\ADMIN.NRMREGIONS' FIMS_READ GRANT #</Process><Process ToolSource="c:\program files (x86)\arcgis\desktop10.6\ArcToolbox\Toolboxes\Data Management Tools.tbx\ChangePrivileges" Date="20181219" Time="080031">ChangePrivileges '\\Env\gis\GisAdmin\Datamgt\DatabaseConnections\ArcGis10.2\EgisDATA - PRD - ADMIN.sde\ADMIN.NRMREGIONS' FIMS_READ GRANT #</Process><Process ToolSource="c:\program files (x86)\arcgis\desktop10.6\ArcToolbox\Toolboxes\Data Management Tools.tbx\ChangePrivileges" Date="20181220" Time="080030">ChangePrivileges '\\Env\gis\GisAdmin\Datamgt\DatabaseConnections\ArcGis10.2\EgisDATA - PRD - ADMIN.sde\ADMIN.NRMREGIONS' FIMS_READ GRANT #</Process><Process ToolSource="c:\program files (x86)\arcgis\desktop10.6\ArcToolbox\Toolboxes\Data Management Tools.tbx\ChangePrivileges" Date="20181221" Time="080032">ChangePrivileges '\\Env\gis\GisAdmin\Datamgt\DatabaseConnections\ArcGis10.2\EgisDATA - PRD - ADMIN.sde\ADMIN.NRMREGIONS' FIMS_READ GRANT #</Process><Process ToolSource="c:\program files (x86)\arcgis\desktop10.6\ArcToolbox\Toolboxes\Data Management Tools.tbx\ChangePrivileges" Date="20190103" Time="080031">ChangePrivileges '\\Env\gis\GisAdmin\Datamgt\DatabaseConnections\ArcGis10.2\EgisDATA - PRD - ADMIN.sde\ADMIN.NRMREGIONS' FIMS_READ GRANT #</Process><Process ToolSource="c:\program files (x86)\arcgis\desktop10.6\ArcToolbox\Toolboxes\Data Management Tools.tbx\ChangePrivileges" Date="20190104" Time="080032">ChangePrivileges '\\Env\gis\GisAdmin\Datamgt\DatabaseConnections\ArcGis10.2\EgisDATA - PRD - ADMIN.sde\ADMIN.NRMREGIONS' FIMS_READ GRANT #</Process><Process ToolSource="c:\program files (x86)\arcgis\desktop10.6\ArcToolbox\Toolboxes\Data Management Tools.tbx\ChangePrivileges" Date="20190107" Time="080032">ChangePrivileges '\\Env\gis\GisAdmin\Datamgt\DatabaseConnections\ArcGis10.2\EgisDATA - PRD - ADMIN.sde\ADMIN.NRMREGIONS' FIMS_READ GRANT #</Process><Process ToolSource="c:\program files (x86)\arcgis\desktop10.6\ArcToolbox\Toolboxes\Data Management Tools.tbx\ChangePrivileges" Date="20190108" Time="080030">ChangePrivileges '\\Env\gis\GisAdmin\Datamgt\DatabaseConnections\ArcGis10.2\EgisDATA - PRD - ADMIN.sde\ADMIN.NRMREGIONS' FIMS_READ GRANT #</Process><Process ToolSource="c:\program files (x86)\arcgis\desktop10.6\ArcToolbox\Toolboxes\Data Management Tools.tbx\ChangePrivileges" Date="20190109" Time="080032">ChangePrivileges '\\Env\gis\GisAdmin\Datamgt\DatabaseConnections\ArcGis10.2\EgisDATA - PRD - ADMIN.sde\ADMIN.NRMREGIONS' FIMS_READ GRANT #</Process><Process ToolSource="c:\program files (x86)\arcgis\desktop10.6\ArcToolbox\Toolboxes\Data Management Tools.tbx\ChangePrivileges" Date="20190110" Time="080032">ChangePrivileges '\\Env\gis\GisAdmin\Datamgt\DatabaseConnections\ArcGis10.2\EgisDATA - PRD - ADMIN.sde\ADMIN.NRMREGIONS' FIMS_READ GRANT #</Process><Process ToolSource="c:\program files (x86)\arcgis\desktop10.6\ArcToolbox\Toolboxes\Data Management Tools.tbx\ChangePrivileges" Date="20190111" Time="080032">ChangePrivileges '\\Env\gis\GisAdmin\Datamgt\DatabaseConnections\ArcGis10.2\EgisDATA - PRD - ADMIN.sde\ADMIN.NRMREGIONS' FIMS_READ GRANT #</Process><Process ToolSource="c:\program files (x86)\arcgis\desktop10.6\ArcToolbox\Toolboxes\Data Management Tools.tbx\ChangePrivileges" Date="20190114" Time="080030">ChangePrivileges '\\Env\gis\GisAdmin\Datamgt\DatabaseConnections\ArcGis10.2\EgisDATA - PRD - ADMIN.sde\ADMIN.NRMREGIONS' FIMS_READ GRANT #</Process><Process ToolSource="c:\program files (x86)\arcgis\desktop10.6\ArcToolbox\Toolboxes\Data Management Tools.tbx\ChangePrivileges" Date="20190116" Time="080030">ChangePrivileges '\\Env\gis\GisAdmin\Datamgt\DatabaseConnections\ArcGis10.2\EgisDATA - PRD - ADMIN.sde\ADMIN.NRMREGIONS' FIMS_READ GRANT #</Process><Process ToolSource="c:\program files (x86)\arcgis\desktop10.6\ArcToolbox\Toolboxes\Data Management Tools.tbx\ChangePrivileges" Date="20190117" Time="080035">ChangePrivileges '\\Env\gis\GisAdmin\Datamgt\DatabaseConnections\ArcGis10.2\EgisDATA - PRD - ADMIN.sde\ADMIN.NRMREGIONS' FIMS_READ GRANT #</Process><Process ToolSource="c:\program files (x86)\arcgis\desktop10.6\ArcToolbox\Toolboxes\Data Management Tools.tbx\ChangePrivileges" Date="20190118" Time="080030">ChangePrivileges '\\Env\gis\GisAdmin\Datamgt\DatabaseConnections\ArcGis10.2\EgisDATA - PRD - ADMIN.sde\ADMIN.NRMREGIONS' FIMS_READ GRANT #</Process><Process ToolSource="c:\program files (x86)\arcgis\desktop10.6\ArcToolbox\Toolboxes\Data Management Tools.tbx\ChangePrivileges" Date="20190121" Time="080030">ChangePrivileges '\\Env\gis\GisAdmin\Datamgt\DatabaseConnections\ArcGis10.2\EgisDATA - PRD - ADMIN.sde\ADMIN.NRMREGIONS' FIMS_READ GRANT #</Process><Process ToolSource="c:\program files (x86)\arcgis\desktop10.6\ArcToolbox\Toolboxes\Data Management Tools.tbx\ChangePrivileges" Date="20190122" Time="080031">ChangePrivileges '\\Env\gis\GisAdmin\Datamgt\DatabaseConnections\ArcGis10.2\EgisDATA - PRD - ADMIN.sde\ADMIN.NRMREGIONS' FIMS_READ GRANT #</Process><Process ToolSource="c:\program files (x86)\arcgis\desktop10.6\ArcToolbox\Toolboxes\Data Management Tools.tbx\ChangePrivileges" Date="20190123" Time="080031">ChangePrivileges '\\Env\gis\GisAdmin\Datamgt\DatabaseConnections\ArcGis10.2\EgisDATA - PRD - ADMIN.sde\ADMIN.NRMREGIONS' FIMS_READ GRANT #</Process><Process ToolSource="c:\program files (x86)\arcgis\desktop10.6\ArcToolbox\Toolboxes\Data Management Tools.tbx\ChangePrivileges" Date="20190124" Time="080032">ChangePrivileges '\\Env\gis\GisAdmin\Datamgt\DatabaseConnections\ArcGis10.2\EgisDATA - PRD - ADMIN.sde\ADMIN.NRMREGIONS' FIMS_READ GRANT #</Process><Process ToolSource="c:\program files (x86)\arcgis\desktop10.6\ArcToolbox\Toolboxes\Data Management Tools.tbx\ChangePrivileges" Date="20190125" Time="080031">ChangePrivileges '\\Env\gis\GisAdmin\Datamgt\DatabaseConnections\ArcGis10.2\EgisDATA - PRD - ADMIN.sde\ADMIN.NRMREGIONS' FIMS_READ GRANT #</Process><Process ToolSource="c:\program files (x86)\arcgis\desktop10.6\ArcToolbox\Toolboxes\Data Management Tools.tbx\ChangePrivileges" Date="20190128" Time="080030">ChangePrivileges '\\Env\gis\GisAdmin\Datamgt\DatabaseConnections\ArcGis10.2\EgisDATA - PRD - ADMIN.sde\ADMIN.NRMREGIONS' FIMS_READ GRANT #</Process><Process ToolSource="c:\program files (x86)\arcgis\desktop10.6\ArcToolbox\Toolboxes\Data Management Tools.tbx\ChangePrivileges" Date="20190129" Time="080030">ChangePrivileges '\\Env\gis\GisAdmin\Datamgt\DatabaseConnections\ArcGis10.2\EgisDATA - PRD - ADMIN.sde\ADMIN.NRMREGIONS' FIMS_READ GRANT #</Process><Process ToolSource="c:\program files (x86)\arcgis\desktop10.6\ArcToolbox\Toolboxes\Data Management Tools.tbx\ChangePrivileges" Date="20190130" Time="080031">ChangePrivileges '\\Env\gis\GisAdmin\Datamgt\DatabaseConnections\ArcGis10.2\EgisDATA - PRD - ADMIN.sde\ADMIN.NRMREGIONS' FIMS_READ GRANT #</Process><Process ToolSource="c:\program files (x86)\arcgis\desktop10.6\ArcToolbox\Toolboxes\Data Management Tools.tbx\ChangePrivileges" Date="20190131" Time="080030">ChangePrivileges '\\Env\gis\GisAdmin\Datamgt\DatabaseConnections\ArcGis10.2\EgisDATA - PRD - ADMIN.sde\ADMIN.NRMREGIONS' FIMS_READ GRANT #</Process><Process ToolSource="c:\program files (x86)\arcgis\desktop10.6\ArcToolbox\Toolboxes\Data Management Tools.tbx\Project" Date="20190131" Time="152309">Project "\\Env\gis\GisAdmin\Datamgt\DatabaseConnections\ArcGis10.2\EgisDATA - PRD - (sde).sde\ADMIN.NrmRegions" D:\WorkSpace\DEWNRDownload\DEWNRDownload_PRD10.gdb\ADMIN_NrmRegions_GDA94 GEOGCS['GCS_GDA_1994',DATUM['D_GDA_1994',SPHEROID['GRS_1980',6378137.0,298.257222101]],PRIMEM['Greenwich',0.0],UNIT['Degree',0.0174532925199433]] # PROJCS['GDA_1994_South_Australia_Lambert',GEOGCS['GCS_GDA_1994',DATUM['D_GDA_1994',SPHEROID['GRS_1980',6378137.0,298.257222101]],PRIMEM['Greenwich',0.0],UNIT['Degree',0.0174532925199433]],PROJECTION['Lambert_Conformal_Conic'],PARAMETER['False_Easting',1000000.0],PARAMETER['False_Northing',2000000.0],PARAMETER['Central_Meridian',135.0],PARAMETER['Standard_Parallel_1',-28.0],PARAMETER['Standard_Parallel_2',-36.0],PARAMETER['Latitude_Of_Origin',-32.0],UNIT['Meter',1.0]] NO_PRESERVE_SHAPE # NO_VERTICAL</Process><Process ToolSource="c:\program files (x86)\arcgis\desktop10.6\ArcToolbox\Toolboxes\Data Management Tools.tbx\Project" Date="20190131" Time="152310">Project D:\WorkSpace\DEWNRDownload\DEWNRDownload_PRD10.gdb\ADMIN_NrmRegions_GDA94 D:\WorkSpace\DEWNRDownload\DEWNRDownload_PRD10.gdb\ADMIN_NrmRegions_GDA2020 GEOGCS['GDA2020',DATUM['GDA2020',SPHEROID['GRS_1980',6378137.0,298.257222101]],PRIMEM['Greenwich',0.0],UNIT['Degree',0.0174532925199433]] GDA_1994_To_GDA2020_NTv2_2_Conformal_and_Distortion GEOGCS['GCS_GDA_1994',DATUM['D_GDA_1994',SPHEROID['GRS_1980',6378137.0,298.257222101]],PRIMEM['Greenwich',0.0],UNIT['Degree',0.0174532925199433]] NO_PRESERVE_SHAPE # NO_VERTICAL</Process><Process ToolSource="c:\program files (x86)\arcgis\desktop10.6\ArcToolbox\Toolboxes\Data Management Tools.tbx\CopyFeatures" Date="20190131" Time="152311">CopyFeatures D:\WorkSpace\DEWNRDownload\DEWNRDownload_PRD10.gdb\ADMIN_NrmRegions_GDA2020 D:\WorkSpace\DEWNRDownload\ADMIN_NrmRegions_shp\ADMIN_NrmRegions_GDA2020.shp # 0 0 0</Process></lineage><itemProps><itemLocation><linkage Sync="TRUE">file://\\ENVIT711869\D$\WorkSpace\DEWNRDownload\ADMIN_NrmRegions_shp\ADMIN_NrmRegions_GDA2020.shp</linkage><protocol Sync="TRUE">Local Area Network</protocol></itemLocation><itemName Sync="TRUE">ADMIN_NrmRegions_GDA2020</itemName><imsContentType Sync="TRUE">002</imsContentType><itemSize Sync="TRUE">0.000</itemSize></itemProps><coordRef><type Sync="TRUE">Geographic</type><geogcsn Sync="TRUE">GDA2020</geogcsn><csUnits Sync="TRUE">Angular Unit: Degree (0.017453)</csUnits><peXml Sync="TRUE">&lt;GeographicCoordinateSystem xsi:type='typens:GeographicCoordinateSystem' xmlns:xsi='http://www.w3.org/2001/XMLSchema-instance' xmlns:xs='http://www.w3.org/2001/XMLSchema' xmlns:typens='http://www.esri.com/schemas/ArcGIS/10.6'&gt;&lt;WKT&gt;GEOGCS[&amp;quot;GDA2020&amp;quot;,DATUM[&amp;quot;GDA2020&amp;quot;,SPHEROID[&amp;quot;GRS_1980&amp;quot;,6378137.0,298.257222101]],PRIMEM[&amp;quot;Greenwich&amp;quot;,0.0],UNIT[&amp;quot;Degree&amp;quot;,0.0174532925199433],AUTHORITY[&amp;quot;EPSG&amp;quot;,7844]]&lt;/WKT&gt;&lt;XOrigin&gt;-400&lt;/XOrigin&gt;&lt;YOrigin&gt;-400&lt;/YOrigin&gt;&lt;XYScale&gt;11258999068426.238&lt;/XYScale&gt;&lt;ZOrigin&gt;-100000&lt;/ZOrigin&gt;&lt;ZScale&gt;10000&lt;/ZScale&gt;&lt;MOrigin&gt;-100000&lt;/MOrigin&gt;&lt;MScale&gt;10000&lt;/MScale&gt;&lt;XYTolerance&gt;8.9831528411952133e-09&lt;/XYTolerance&gt;&lt;ZTolerance&gt;0.001&lt;/ZTolerance&gt;&lt;MTolerance&gt;0.001&lt;/MTolerance&gt;&lt;HighPrecision&gt;true&lt;/HighPrecision&gt;&lt;LeftLongitude&gt;-180&lt;/LeftLongitude&gt;&lt;WKID&gt;7844&lt;/WKID&gt;&lt;LatestWKID&gt;7844&lt;/LatestWKID&gt;&lt;/GeographicCoordinateSystem&gt;</peXml></coordRef></DataProperties><SyncDate>20190131</SyncDate><SyncTime>15231100</SyncTime><ModDate>20190131</ModDate><ModTime>15231100</ModTime></Esri><dataIdInfo><envirDesc Sync="TRUE">Microsoft Windows 7 Version 6.1 (Build 7601) Service Pack 1; Esri ArcGIS 10.6.1.9270</envirDesc><dataLang><languageCode value="eng" Sync="TRUE"></languageCode><countryCode value="AUS" Sync="TRUE"></countryCode></dataLang><idCitation><resTitle Sync="TRUE">ADMIN_NrmRegions_GDA2020</resTitle><presForm><PresFormCd value="005" Sync="TRUE"></PresFormCd></presForm></idCitation><spatRpType><SpatRepTypCd value="001" Sync="TRUE"></SpatRepTypCd></spatRpType></dataIdInfo><mdLang><languageCode value="eng" Sync="TRUE"></languageCode><countryCode value="AUS" Sync="TRUE"></countryCode></mdLang><distInfo><distFormat><formatName Sync="TRUE">Shapefile</formatName></distFormat><distTranOps><transSize Sync="TRUE">0.000</transSize></distTranOps></distInfo><mdHrLv><ScopeCd value="005" Sync="TRUE"></ScopeCd></mdHrLv><mdHrLvName Sync="TRUE">dataset</mdHrLvName><refSysInfo><RefSystem><refSysID><identCode code="7844" Sync="TRUE"></identCode><idCodeSpace Sync="TRUE">EPSG</idCodeSpace><idVersion Sync="TRUE">8.9.4(10.5.0)</idVersion></refSysID></RefSystem></refSysInfo><spatRepInfo><VectSpatRep><geometObjs Name="ADMIN_NrmRegions_GDA2020"><geoObjTyp><GeoObjTypCd value="002" Sync="TRUE"></GeoObjTypCd></geoObjTyp><geoObjCnt Sync="TRUE">0</geoObjCnt></geometObjs><topLvl><TopoLevCd value="001" Sync="TRUE"></TopoLevCd></topLvl></VectSpatRep></spatRepInfo><spdoinfo><ptvctinf><esriterm Name="ADMIN_NrmRegions_GDA2020"><efeatyp Sync="TRUE">Simple</efeatyp><efeageom code="4" Sync="TRUE"></efeageom><esritopo Sync="TRUE">FALSE</esritopo><efeacnt Sync="TRUE">0</efeacnt><spindex Sync="TRUE">FALSE</spindex><linrefer Sync="TRUE">FALSE</linrefer></esriterm></ptvctinf></spdoinfo><eainfo><detailed Name="ADMIN_NrmRegions_GDA2020"><enttyp><enttypl Sync="TRUE">ADMIN_NrmRegions_GDA2020</enttypl><enttypt Sync="TRUE">Feature Class</enttypt><enttypc Sync="TRUE">0</enttypc></enttyp><attr><attrlabl Sync="TRUE">FID</attrlabl><attalias Sync="TRUE">FID</attalias><attrtype Sync="TRUE">OID</attrtype><attwidth Sync="TRUE">4</attwidth><atprecis Sync="TRUE">0</atprecis><attscale Sync="TRUE">0</attscale><attrdef Sync="TRUE">Internal feature number.</attrdef><attrdefs Sync="TRUE">Esri</attrdefs><attrdomv><udom Sync="TRUE">Sequential unique whole numbers that are automatically generated.</udom></attrdomv></attr><attr><attrlabl Sync="TRUE">Shape</attrlabl><attalias Sync="TRUE">Shape</attalias><attrtype Sync="TRUE">Geometry</attrtype><attwidth Sync="TRUE">0</attwidth><atprecis Sync="TRUE">0</atprecis><attscale Sync="TRUE">0</attscale><attrdef Sync="TRUE">Feature geometry.</attrdef><attrdefs Sync="TRUE">Esri</attrdefs><attrdomv><udom Sync="TRUE">Coordinates defining the features.</udom></attrdomv></attr><attr><attrlabl Sync="TRUE">REGION_ID</attrlabl><attalias Sync="TRUE">REGION_ID</attalias><attrtype Sync="TRUE">Double</attrtype><attwidth Sync="TRUE">19</attwidth><atprecis Sync="TRUE">0</atprecis><attscale Sync="TRUE">0</attscale></attr><attr><attrlabl Sync="TRUE">NAME</attrlabl><attalias Sync="TRUE">NAME</attalias><attrtype Sync="TRUE">String</attrtype><attwidth Sync="TRUE">50</attwidth><atprecis Sync="TRUE">0</atprecis><attscale Sync="TRUE">0</attscale></attr><attr><attrlabl Sync="TRUE">OFFICE_ID</attrlabl><attalias Sync="TRUE">OFFICE_ID</attalias><attrtype Sync="TRUE">Double</attrtype><attwidth Sync="TRUE">19</attwidth><atprecis Sync="TRUE">0</atprecis><attscale Sync="TRUE">0</attscale></attr><attr><attrlabl Sync="TRUE">SHAPE_Leng</attrlabl><attalias Sync="TRUE">SHAPE_Leng</attalias><attrtype Sync="TRUE">Double</attrtype><attwidth Sync="TRUE">19</attwidth><atprecis Sync="TRUE">0</atprecis><attscale Sync="TRUE">0</attscale></attr><attr><attrlabl Sync="TRUE">SHAPE_Area</attrlabl><attalias Sync="TRUE">SHAPE_Area</attalias><attrtype Sync="TRUE">Double</attrtype><attwidth Sync="TRUE">19</attwidth><atprecis Sync="TRUE">0</atprecis><attscale Sync="TRUE">0</attscale><attrdef Sync="TRUE">Area of feature in internal units squared.</attrdef><attrdefs Sync="TRUE">Esri</attrdefs><attrdomv><udom Sync="TRUE">Positive real numbers that are automatically generated.</udom></attrdomv></attr></detailed></eainfo><mdDateSt Sync="TRUE">20190131</mdDateSt></metadata>
